Team_id,Team,Player,Position,Matchs,On_start_%,Goals,Assists,Total_Points,Points_Average,Last_5_games_points,J_33,J_34,J_35,J_36,J_37,Avg_last_5_games,Value
1,Athletic Club,Unai Simón,PT,33,89,0,0,152,4.6,"['-', '8', '6', '2', '6']",0,8,6,2,6,4.4,3100000
1,Athletic Club,Agirrezabala,PT,34,11,4,10,20,5,"['4', '-', '-', '-', '-']",4,0,0,0,0,0.8,340000
1,Athletic Club,Ezkieta,PT,37,0,8,5,0,0,"['-', '-', '-', '-', '-']",0,0,0,0,0,0.0,180000
1,Athletic Club,Iñigo Martínez,DF,33,68,0,0,139,5.3,"['-', '5', '7', '4', '6']",0,5,7,4,6,4.4,5950000
1,Athletic Club,Daniel Vivian,DF,31,57,0,0,118,5.1,"['-', '4', '-', '6', '-']",0,4,0,6,0,2.0,2810000
1,Athletic Club,Yeray Álvarez,DF,26,57,3,0,103,4.7,"['2', '6', '5', '-', '8']",2,6,5,0,8,4.2,2630000
1,Athletic Club,De Marcos,DF,33,49,3,6,95,4.5,"['4', '2', '5', '-', '3']",4,2,5,0,3,2.8,1630000
1,Athletic Club,Lekue,DF,26,59,0,0,84,3.5,"['2', '-', '-', '2', '-']",2,0,0,2,0,0.8,1240000
1,Athletic Club,Balenziaga,DF,34,62,6,2,81,3.1,"['0', '2', '-', '-', '-']",0,2,0,0,0,0.4,910000
1,Athletic Club,Yuri Berchiche,DF,24,27,0,2,75,5.8,"['-', '5', '7', '5', '7']",0,5,7,5,7,4.8,4470000
1,Athletic Club,Álex Petxarroman,DF,23,3,2,1,33,1.9,"['-', '-', '2', '4', '2']",0,0,2,4,2,1.6,510000
1,Athletic Club,Unai Núñez,DF,22,19,0,0,24,2.7,"['-1', '-', '-', '-', '-']",-1,0,0,0,0,-0.2,470000
1,Athletic Club,Capa,DF,21,0,1,2,2,2,"['-', '-', '-', '-', '2']",0,0,0,0,2,0.4,480000
1,Athletic Club,Muniain,MD,27,89,6,4,240,7.1,"['6', '6', '7', '6', '10']",6,6,7,6,10,7.0,10420000
1,Athletic Club,Álex Berenguer,MD,31,62,2,0,140,4.2,"['-', '2', '4', '3', '13']",0,2,4,3,13,4.4,4630000
1,Athletic Club,Unai Vencedor,MD,34,76,0,0,108,3.3,"['4', '4', '2', '3', '5']",4,4,2,3,5,3.6,1920000
1,Athletic Club,Mikel Vesga,MD,13,43,1,2,85,2.7,"['2', '4', '2', '0', '4']",2,4,2,0,4,2.4,1290000
1,Athletic Club,Dani García,MD,30,73,1,0,83,2.7,"['-', '5', '6', '-5', '-']",0,5,6,-5,0,1.2,920000
1,Athletic Club,Nico Williams,MD,9,30,0,0,81,2.4,"['0', '5', '1', '0', '6']",0,5,1,0,6,2.4,3620000
1,Athletic Club,Zarraga,MD,4,22,0,0,74,2.5,"['1', '1', '2', '2', '2']",1,1,2,2,2,1.6,690000
1,Athletic Club,Nico Serrano,MD,18,8,2,0,39,3,"['3', '-', '-', '-', '-']",3,0,0,0,0,0.6,500000
1,Athletic Club,Williams,DL,13,84,1,0,181,4.9,"['3', '10', '-1', '2', '8']",3,10,-1,2,8,4.4,10360000
1,Athletic Club,Raúl García,DL,17,62,0,0,154,4.5,"['5', '5', '4', '3', '2']",5,5,4,3,2,3.8,5840000
1,Athletic Club,Sancet,DL,7,43,0,0,128,4.7,"['8', '-', '-', '-', '-']",8,0,0,0,0,1.6,3800000
1,Athletic Club,Villalibre,DL,1,8,0,0,54,3,"['-', '-', '2', '2', '9']",0,0,2,2,9,2.6,730000
2,Club Atlético de Madrid,Oblak,PT,37,100,0,0,127,3.4,"['6', '2', '11', '5', '2']",6,2,11,5,2,5.2,4220000
2,Club Atlético de Madrid,Lecomte,PT,30,0,1,1,0,0,"['-', '-', '-', '-', '-']",0,0,0,0,0,0.0,220000
2,Club Atlético de Madrid,José Giménez,DF,28,65,0,2,123,5.1,"['2', '4', '6', '7', '11']",2,4,6,7,11,6.0,4660000
2,Club Atlético de Madrid,Savic,DF,33,73,6,6,115,4.3,"['4', '-', '6', '4', '2']",4,0,6,4,2,3.2,4310000
2,Club Atlético de Madrid,Mario Hermoso,DF,27,57,0,0,98,3.8,"['-', '2', '-', '-', '-']",0,2,0,0,0,0.4,2040000
2,Club Atlético de Madrid,Renan Lodi,DF,24,35,1,1,96,3.3,"['2', '1', '-', '10', '-']",2,1,0,10,0,2.6,3130000
2,Club Atlético de Madrid,Felipe,DF,35,38,2,1,81,3.2,"['-', '-', '4', '5', '2']",0,0,4,5,2,2.2,1880000
2,Club Atlético de Madrid,Vrsaljko,DF,26,27,2,1,73,3.5,"['3', '1', '4', '-', '-']",3,1,4,0,0,1.6,1430000
2,Club Atlético de Madrid,Reinildo Mandava,DF,35,38,11,5,68,4.3,"['4', '2', '5', '8', '5']",4,2,5,8,5,4.8,4780000
2,Club Atlético de Madrid,Ferreira Carrasco,MD,34,73,11,2,187,5.7,"['-', '0', '9', '4', '6']",0,0,9,4,6,3.8,9260000
2,Club Atlético de Madrid,Rodrigo de Paul,MD,27,62,1,2,177,5.1,"['2', '4', '-', '12', '10']",2,4,0,12,10,5.6,6640000
2,Club Atlético de Madrid,Kondogbia,MD,25,54,3,3,127,4.7,"['5', '4', '5', '5', '2']",5,4,5,5,2,4.2,3750000
2,Club Atlético de Madrid,Koke,MD,23,76,4,5,117,3.9,"['5', '5', '5', '-', '4']",5,5,5,0,4,3.8,4260000
2,Club Atlético de Madrid,Marcos Llorente,MD,25,76,2,1,117,4.2,"['1', '3', '5', '2', '5']",1,3,5,2,5,3.2,6620000
2,Club Atlético de Madrid,Lemar,MD,16,46,0,0,114,5,"['5', '-', '-', '-', '-']",5,0,0,0,0,1.0,3920000
2,Club Atlético de Madrid,Daniel Wass,MD,24,51,8,4,76,3.8,"['-', '-', '-', '-', '-']",0,0,0,0,0,0.0,2580000
2,Club Atlético de Madrid,Héctor Herrera,MD,29,22,2,2,74,3.5,"['6', '1', '-', '3', '2']",6,1,0,3,2,2.4,2060000
2,Club Atlético de Madrid,Carlos Martín,MD,15,0,0,0,3,3,"['-', '-', '-', '-', '-']",0,0,0,0,0,0.0,270000
2,Club Atlético de Madrid,Javi Serrano,MD,21,3,1,2,0,0,"['-', '-', '-', '-', '-']",0,0,0,0,0,0.0,570000
2,Club Atlético de Madrid,Correa,DL,21,57,0,0,174,5,"['2', '4', '2', '1', '1']",2,4,2,1,1,2.0,10980000
2,Club Atlético de Madrid,Luis Suárez,DL,28,54,6,4,169,5,"['2', '3', '-', '4', '2']",2,3,0,4,2,2.2,10020000
2,Club Atlético de Madrid,João Félix,DL,3,35,0,1,150,6.3,"['6', '-', '-', '-', '-']",6,0,0,0,0,1.2,12230000
2,Club Atlético de Madrid,Griezmann,DL,5,62,0,0,137,4.9,"['-', '7', '5', '7', '2']",0,7,5,7,2,4.2,10910000
2,Club Atlético de Madrid,Matheus Cunha,DL,1,19,0,0,128,4.6,"['2', '2', '6', '9', '2']",2,2,6,9,2,4.2,7560000
3,CA Osasuna,Sergio Herrera,PT,35,95,0,0,173,4.9,"['1', '3', '2', '-', '6']",1,3,2,0,6,2.4,3760000
3,CA Osasuna,Juan Pérez,PT,34,5,4,0,-1,-0.5,"['-', '-', '-', '1', '-']",0,0,0,1,0,0.2,310000
3,CA Osasuna,David García Zub.,DF,36,92,2,3,184,5.4,"['-', '6', '5', '4', '-']",0,6,5,4,0,3.0,5920000
3,CA Osasuna,Nacho Vidal,DF,35,89,0,1,136,3.9,"['4', '4', '4', '4', '1']",4,4,4,4,1,3.4,2290000
3,CA Osasuna,Manu Sánchez,DF,32,68,1,0,110,3.3,"['4', '3', '3', '-', '0']",4,3,3,0,0,2.0,1870000
3,CA Osasuna,Juan Cruz,DF,36,59,1,6,69,3,"['2', '2', '3', '5', '3']",2,2,3,5,3,3.0,750000
3,CA Osasuna,Unai García,DF,34,38,1,2,67,3.9,"['-', '-', '-', '6', '-']",0,0,0,6,0,1.2,650000
3,CA Osasuna,José Ángel Cote,DF,33,30,1,3,63,2.9,"['0', '-', '-', '-', '-']",0,0,0,0,0,0.0,1010000
3,CA Osasuna,Aridane Hernández,DF,23,32,0,0,44,2.9,"['-', '6', '4', '-', '2']",0,6,4,0,2,2.4,1890000
3,CA Osasuna,Ramalho,DF,35,5,6,1,8,4,"['-', '-', '3', '-', '-']",0,0,3,0,0,0.6,260000
3,CA Osasuna,Unai Dufur,DF,27,3,8,2,2,2,"['2', '-', '-', '-', '-']",2,0,0,0,0,0.4,250000
3,CA Osasuna,Jesús Areso,DF,32,5,5,1,0,0,"['-', '-', '-', '-', '-']",0,0,0,0,0,0.0,280000
3,CA Osasuna,Roberto Torres,MD,32,16,5,1,98,3.6,"['4', '4', '-', '2', '2']",4,4,0,2,2,2.4,1620000
3,CA Osasuna,Rubén García,MD,17,78,0,0,168,4.7,"['4', '4', '4', '8', '2']",4,4,4,8,2,4.4,5570000
3,CA Osasuna,Jon Moncayola,MD,15,89,0,0,164,4.6,"['4', '5', '7', '5', '4']",4,5,7,5,4,5.0,5260000
3,CA Osasuna,Lucas Torró,MD,22,84,1,1,147,4.6,"['2', '5', '2', '4', '-']",2,5,2,4,0,2.6,3890000
3,CA Osasuna,Brasanac,MD,26,70,1,1,99,2.9,"['1', '3', '1', '2', '7']",1,3,1,2,7,2.8,850000
3,CA Osasuna,Javi Martínez Calvo,MD,24,24,1,0,81,3.1,"['-', '2', '4', '-', '2']",0,2,4,0,2,1.6,730000
3,CA Osasuna,Kike Barja,MD,27,24,2,2,64,3.2,"['4', '3', '11', '4', '3']",4,3,11,4,3,5.0,840000
3,CA Osasuna,Oier,MD,9,19,1,0,42,1.8,"['-', '-', '2', '10', '2']",0,0,2,10,2,2.8,380000
3,CA Osasuna,Iñigo Pérez,MD,2,11,0,0,28,3.1,"['-', '-', '-', '-', '5']",0,0,0,0,5,1.0,310000
3,CA Osasuna,Iker Benito,MD,2,3,0,0,6,1.5,"['1', '-', '-', '-', '-']",1,0,0,0,0,0.2,470000
3,CA Osasuna,Aimar Oroz,MD,2,0,0,0,0,0,"['-', '-', '-', '-', '-']",0,0,0,0,0,0.0,250000
3,CA Osasuna,Ezequiel Ávila,DL,4,57,0,0,149,4.3,"['3', '2', '5', '2', '2']",3,2,5,2,2,2.8,5770000
3,CA Osasuna,Kike García,DL,4,49,0,0,125,3.9,"['4', '2', '-', '2', '2']",4,2,0,2,2,2.0,3260000
3,CA Osasuna,Budimir,DL,1,51,0,0,124,4.6,"['2', '9', '9', '3', '2']",2,9,9,3,2,5.0,8960000
3,CA Osasuna,Barbero,DL,3,0,0,0,8,1.1,"['-', '-', '-', '2', '-']",0,0,0,2,0,0.4,240000
4,RCD Espanyol de Barcelona,Diego López,PT,36,95,2,0,163,4.7,"['2', '-1', '3', '9', '5']",2,-1,3,9,5,3.6,2630000
4,RCD Espanyol de Barcelona,Oier Olazábal,PT,35,3,0,0,9,4.5,"['-', '-', '-', '-', '-']",0,0,0,0,0,0.0,400000
4,RCD Espanyol de Barcelona,Joan García,PT,35,3,3,9,-6,-3,"['-', '-', '-', '-', '-']",0,0,0,0,0,0.0,260000
4,RCD Espanyol de Barcelona,Leandro Cabrera,DF,34,97,17,3,158,4.4,"['0', '2', '2', '2', '2']",0,2,2,2,2,1.6,4890000
4,RCD Espanyol de Barcelona,Sergi Gómez,DF,31,81,1,1,110,3.7,"['2', '1', '7', '1', '3']",2,1,7,1,3,2.8,1600000
4,RCD Espanyol de Barcelona,Adrià Pedrosa,DF,30,84,1,2,107,3.5,"['-', '-', '-', '-', '-']",0,0,0,0,0,0.0,1630000
4,RCD Espanyol de Barcelona,Aleix Vidal,DF,29,54,4,1,88,2.9,"['2', '3', '6', '2', '-']",2,3,6,2,0,2.6,1010000
4,RCD Espanyol de Barcelona,Óscar Gil,DF,31,54,0,2,76,3.5,"['4', '-', '-', '-', '-']",4,0,0,0,0,0.8,1000000
4,RCD Espanyol de Barcelona,Calero,DF,30,35,2,0,43,2.9,"['4', '0', '4', '1', '-']",4,0,4,1,0,1.8,1260000
4,RCD Espanyol de Barcelona,Dídac Vilà,DF,22,3,0,2,13,1.6,"['-', '2', '-', '-', '-']",0,2,0,0,0,0.4,340000
4,RCD Espanyol de Barcelona,Rubén Sánchez Sáez,DF,22,3,1,1,12,4,"['-', '-', '-', '2', '8']",0,0,0,2,8,2.0,540000
4,RCD Espanyol de Barcelona,Lluís Recasens,DF,25,0,1,1,4,4,"['-', '-', '-', '-', '-']",0,0,0,0,0,0.0,260000
4,RCD Espanyol de Barcelona,Miguelón,DF,20,3,0,0,4,2,"['-', '-', '-', '-', '-']",0,0,0,0,0,0.0,280000
4,RCD Espanyol de Barcelona,Sergi Darder,MD,15,95,0,0,180,5.1,"['13', '2', '7', '3', '-1']",13,2,7,3,-1,4.8,5640000
4,RCD Espanyol de Barcelona,Embarba,MD,16,62,1,1,112,3.6,"['5', '-', '4', '-', '4']",5,0,4,0,4,2.6,2610000
4,RCD Espanyol de Barcelona,Javi Puado,MD,27,68,2,0,100,3.4,"['3', '0', '4', '2', '2']",3,0,4,2,2,2.2,3050000
4,RCD Espanyol de Barcelona,Morlanes,MD,17,30,0,0,92,3.4,"['13', '1', '3', '-', '-']",13,1,3,0,0,3.4,1230000
4,RCD Espanyol de Barcelona,Nico Melamed,MD,30,16,2,0,83,2.8,"['2', '-', '11', '2', '6']",2,0,11,2,6,4.2,600000
4,RCD Espanyol de Barcelona,Keidi Bare,MD,21,49,1,0,80,3.2,"['-', '-', '-', '-', '-']",0,0,0,0,0,0.0,1090000
4,RCD Espanyol de Barcelona,Yangel Herrera,MD,17,49,0,0,68,3.1,"['-', '0', '2', '-4', '-']",0,0,2,-4,0,-0.4,1700000
4,RCD Espanyol de Barcelona,Melendo,MD,22,38,1,0,64,3.2,"['8', '4', '3', '4', '2']",8,4,3,4,2,4.2,690000
4,RCD Espanyol de Barcelona,Vilhena,MD,10,32,0,0,49,3.1,"['-', '8', '1', '2', '2']",0,8,1,2,2,2.6,1520000
4,RCD Espanyol de Barcelona,David López,MD,8,19,0,0,46,2.7,"['-', '3', '-', '2', '4']",0,3,0,2,4,1.8,480000
4,RCD Espanyol de Barcelona,Fran Mérida,MD,4,8,0,1,27,2.7,"['-', '4', '-', '2', '3']",0,4,0,2,3,1.8,330000
4,RCD Espanyol de Barcelona,Jofre Carreras,MD,2,0,0,0,0,0,"['-', '-', '-', '-', '-']",0,0,0,0,0,0.0,290000
4,RCD Espanyol de Barcelona,Gori,MD,2,0,0,0,3,3,"['-', '-', '-', '-', '-']",0,0,0,0,0,0.0,270000
4,RCD Espanyol de Barcelona,Villahermosa,MD,2,0,0,0,0,0,"['-', '-', '-', '-', '2']",0,0,0,0,2,0.4,160000
4,RCD Espanyol de Barcelona,Raúl de Tomás,DL,1,89,0,0,219,6.4,"['9', '4', '4', '10', '8']",9,4,4,10,8,7.0,14850000
4,RCD Espanyol de Barcelona,Wu Lei,DL,1,11,0,0,51,2.3,"['2', '-', '-', '-', '-']",2,0,0,0,0,0.4,530000
4,RCD Espanyol de Barcelona,Loren Morón,DL,3,11,0,1,51,2.3,"['-', '3', '2', '2', '-']",0,3,2,2,0,1.4,680000
4,RCD Espanyol de Barcelona,Dimata,DL,1,11,0,0,31,1.8,"['-', '-', '-', '-', '-']",0,0,0,0,0,0.0,520000
5,FC Barcelona,Ter Stegen,PT,35,92,2,0,145,4.3,"['2', '2', '-', '2', '8']",2,2,0,2,8,2.8,5220000
5,FC Barcelona,Neto,PT,34,8,0,0,11,3.7,"['-', '-', '5', '-', '-']",0,0,5,0,0,1.0,390000
5,FC Barcelona,Jordi Alba,DF,29,78,2,10,199,6.9,"['7', '9', '17', '5', '-']",7,9,17,5,0,7.6,12080000
5,FC Barcelona,Ronald Araujo,DF,31,65,3,3,166,5.7,"['8', '5', '9', '2', '-']",8,5,9,2,0,4.8,8660000
5,FC Barcelona,Piqué,DF,33,68,2,5,141,5.2,"['-', '5', '-', '-', '-']",0,5,0,0,0,1.0,5670000
5,FC Barcelona,Eric García,DF,27,62,1,0,98,3.6,"['4', '4', '1', '3', '-']",4,4,1,3,0,2.4,3370000
5,FC Barcelona,Sergiño Dest,DF,29,46,4,0,87,4.1,"['1', '-', '-', '-', '-']",1,0,0,0,0,0.2,1890000
5,FC Barcelona,Dani Alves,DF,26,32,0,0,79,6.1,"['-', '7', '8', '2', '8']",0,7,8,2,8,5.0,4890000
5,FC Barcelona,Mingueza,DF,27,24,12,2,64,3.6,"['-', '-', '-', '2', '6']",0,0,0,2,6,1.6,990000
5,FC Barcelona,Lenglet,DF,21,16,0,3,50,2.5,"['6', '-', '-', '3', '5']",6,0,0,3,5,2.8,1250000
5,FC Barcelona,Alejandro Balde,DF,17,5,4,4,9,1.8,"['-', '-', '-', '-', '6']",0,0,0,0,6,1.2,450000
5,FC Barcelona,Umtiti,DF,20,3,1,13,4,4,"['-', '-', '-', '-', '-']",0,0,0,0,0,0.0,310000
5,FC Barcelona,Sergio Busquets,MD,27,95,2,1,219,6.3,"['6', '12', '10', '-', '6']",6,12,10,0,6,6.8,10250000
5,FC Barcelona,De Jong,MD,16,78,11,1,169,5.5,"['4', '5', '5', '5', '-']",4,5,5,5,0,3.8,11800000
5,FC Barcelona,Gavi,MD,13,73,1,3,140,4.4,"['6', '6', '1', '4', '4']",6,6,1,4,4,4.2,8710000
5,FC Barcelona,Nico González,MD,12,32,3,1,93,3.4,"['3', '-', '-', '-', '-']",3,0,0,0,0,0.6,2920000
5,FC Barcelona,Pedri,MD,18,27,0,1,82,6.8,"['-', '-', '-', '-', '-']",0,0,0,0,0,0.0,9320000
5,FC Barcelona,Riqui Puig,MD,20,5,0,1,44,3.1,"['-', '-', '1', '2', '2']",0,0,1,2,2,1.0,870000
5,FC Barcelona,Sergi Roberto,MD,21,11,6,0,41,4.6,"['-', '-', '-', '-', '-']",0,0,0,0,0,0.0,950000
5,FC Barcelona,Álvaro Sanz,MD,10,0,1,0,3,1.5,"['-', '-', '-', '-', '-']",0,0,0,0,0,0.0,270000
5,FC Barcelona,Depay,DL,12,54,2,0,200,7.4,"['5', '14', '4', '12', '4']",5,14,4,12,4,7.8,14550000
5,FC Barcelona,Dembélé,DL,9,41,2,1,154,7.7,"['7', '2', '2', '10', '-']",7,2,2,10,0,4.2,22180000
5,FC Barcelona,Aubameyang,DL,6,32,1,0,113,7.1,"['2', '2', '1', '16', '3']",2,2,1,16,3,4.8,23990000
5,FC Barcelona,Luuk de Jong,DL,10,16,0,2,94,4.5,"['2', '-', '-', '1', '3']",2,0,0,1,3,1.2,3580000
5,FC Barcelona,Ferrán Torres,DL,9,43,4,0,90,5.3,"['1', '4', '4', '2', '4']",1,4,4,2,4,3.0,17690000
5,FC Barcelona,Ansu Fati,DL,3,8,0,0,58,6.4,"['-', '2', '10', '3', '1']",0,2,10,3,1,3.2,17530000
5,FC Barcelona,Adama Traoré,DL,3,8,0,0,44,4.4,"['6', '-', '2', '-', '-']",6,0,2,0,0,1.6,8180000
5,FC Barcelona,Abde Ezzalzouli,DL,4,16,2,1,44,4.4,"['-', '-', '-', '-', '-']",0,0,0,0,0,0.0,1420000
5,FC Barcelona,Braithwaite,DL,14,8,1,0,24,6,"['-', '-', '-', '-', '-']",0,0,0,0,0,0.0,1100000
5,FC Barcelona,Ferrán Jutglà,DL,6,11,0,0,21,4.2,"['-', '-', '-', '-', '-']",0,0,0,0,0,0.0,1150000
5,FC Barcelona,Ilias Akhomach,DL,5,5,0,0,12,6,"['-', '-', '-', '-', '-']",0,0,0,0,0,0.0,690000
5,FC Barcelona,Estanis,DL,4,0,1,0,2,2,"['-', '-', '-', '-', '-']",0,0,0,0,0,0.0,300000
6,Getafe CF,David Soria,PT,37,100,0,0,166,4.5,"['-2', '10', '6', '2', '6']",-2,10,6,2,6,4.4,2970000
6,Getafe CF,Diego Conde,PT,34,0,0,1,2,2,"['-', '-', '-', '-', '-']",0,0,0,0,0,0.0,210000
6,Getafe CF,Rubén Yáñez,PT,34,0,1,2,0,0,"['-', '-', '-', '-', '-']",0,0,0,0,0,0.0,210000
6,Getafe CF,Mathías Olivera,DF,32,86,1,3,144,4.5,"['9', '7', '6', '-1', '4']",9,7,6,-1,4,5.0,3880000
6,Getafe CF,Damián Suárez,DF,36,84,15,1,139,4.1,"['2', '2', '2', '-', '7']",2,2,2,0,7,2.6,3370000
6,Getafe CF,Djené,DF,34,92,0,3,115,3.4,"['5', '5', '5', '4', '4']",5,5,5,4,4,4.6,1860000
6,Getafe CF,Jorge Cuenca,DF,31,81,1,0,102,3.3,"['3', '-', '5', '2', '5']",3,0,5,2,5,3.0,1770000
6,Getafe CF,Mitrovic,DF,31,81,1,0,95,3.1,"['2', '2', '-', '-4', '-']",2,2,0,-4,0,0.0,1460000
6,Getafe CF,Juan Iglesias,DF,30,16,0,5,51,2.7,"['-', '-', '4', '2', '-']",0,0,4,2,0,1.2,410000
6,Getafe CF,Cabaco,DF,32,14,1,2,19,1.9,"['-', '-', '-', '-', '-']",0,0,0,0,0,0.0,320000
6,Getafe CF,Jonathan Silva,DF,28,3,3,0,13,1.4,"['-', '-', '-', '-', '-']",0,0,0,0,0,0.0,380000
6,Getafe CF,Kofi,DF,17,3,6,1,5,2.5,"['-', '-', '-', '-', '-']",0,0,0,0,0,0.0,250000
6,Getafe CF,Gastón Álvarez,DF,22,0,0,1,0,0,"['-', '-', '-', '-', '-']",0,0,0,0,0,0.0,260000
6,Getafe CF,Mauro Arambarri,MD,17,81,0,1,148,4.9,"['8', '4', '4', '5', '7']",8,4,4,5,7,5.6,3870000
6,Getafe CF,Maksimovic,MD,19,92,0,1,146,4.3,"['15', '5', '4', '7', '4']",15,5,4,7,4,7.0,3090000
6,Getafe CF,Óscar Rodríguez,MD,13,32,0,1,97,3.5,"['-', '5', '7', '2', '2']",0,5,7,2,2,3.2,3150000
6,Getafe CF,Aleñá,MD,10,78,0,0,90,2.8,"['2', '4', '4', '-', '2']",2,4,4,0,2,2.4,1380000
6,Getafe CF,Okay Yokuslu,MD,10,16,0,1,60,3.3,"['2', '6', '7', '2', '6']",2,6,7,2,6,4.6,840000
6,Getafe CF,Florentino Luís,MD,22,24,1,0,60,2.7,"['-', '-', '5', '2', '2']",0,0,5,2,2,1.8,640000
6,Getafe CF,Gonzalo Villar,MD,15,5,1,0,31,3.4,"['-', '-', '2', '-', '2']",0,0,2,0,2,0.8,1160000
6,Getafe CF,Jankto,MD,7,14,0,0,30,2.3,"['-', '-', '-', '-', '-']",0,0,0,0,0,0.0,440000
6,Getafe CF,Vitolo,MD,5,3,0,0,16,2.3,"['-', '-', '-', '-', '-']",0,0,0,0,0,0.0,520000
6,Getafe CF,Sabit Abdulai,MD,9,0,0,1,0,0,"['-', '-', '-', '-', '-']",0,0,0,0,0,0.0,200000
6,Getafe CF,John Patrick,MD,7,0,0,0,0,0,"['-', '-', '-', '-', '-']",0,0,0,0,0,0.0,230000
6,Getafe CF,Enes Ünal,DL,9,86,0,0,212,5.9,"['8', '4', '2', '3', '7']",8,4,2,3,7,4.8,8970000
6,Getafe CF,Sandro Ramírez,DL,7,51,0,0,91,3.3,"['10', '5', '-', '-', '2']",10,5,0,0,2,3.4,2140000
6,Getafe CF,Borja Mayoral,DL,3,27,0,1,89,5.2,"['10', '4', '3', '2', '3']",10,4,3,2,3,4.4,6490000
6,Getafe CF,Jaime Mata,DL,1,11,0,0,56,2.5,"['2', '-', '-', '-', '-']",2,0,0,0,0,0.4,760000
7,Granada CF,Luís Maximiano,PT,33,92,0,0,156,4.6,"['-1', '5', '5', '7', '1']",-1,5,5,7,1,3.4,2510000
7,Granada CF,Aarón Escandell,PT,35,8,8,4,12,3,"['-', '-', '-', '-', '-']",0,0,0,0,0,0.0,310000
7,Granada CF,João Costa,PT,32,0,3,3,0,0,"['-', '-', '-', '-', '-']",0,0,0,0,0,0.0,180000
7,Granada CF,Ángel Jiménez,PT,31,0,0,1,0,0,"['-', '-', '-', '-', '-']",0,0,0,0,0,0.0,200000
7,Granada CF,Germán Sánchez,DF,30,68,2,1,93,3,"['0', '6', '2', '2', '1']",0,6,2,2,1,2.2,1320000
7,Granada CF,Sergio Escudero,DF,32,38,6,1,89,3.4,"['2', '6', '14', '4', '-']",2,6,14,4,0,5.2,1400000
7,Granada CF,Carlos Neva,DF,26,65,0,0,85,3.3,"['1', '-', '-', '-', '-']",1,0,0,0,0,0.2,1180000
7,Granada CF,Quini,DF,23,70,0,2,77,2.5,"['2', '-', '7', '4', '2']",2,0,7,4,2,3.0,1170000
7,Granada CF,Domingos Duarte,DF,34,49,10,5,64,3.2,"['0', '-', '2', '5', '3']",0,0,2,5,3,2.0,1840000
7,Granada CF,Víctor Díaz,DF,20,46,1,0,59,2.8,"['-', '-', '0', '2', '4']",0,0,0,2,4,1.2,920000
7,Granada CF,Raúl Torrente,DF,21,41,1,0,48,3,"['2', '-', '-', '-', '-']",2,0,0,0,0,0.4,660000
7,Granada CF,Arias,DF,25,11,4,2,37,3.1,"['-', '1', '2', '2', '6']",0,1,2,2,6,2.2,540000
7,Granada CF,Pepe Sánchez,DF,18,0,0,0,0,0,"['-', '-', '-', '-', '-']",0,0,0,0,0,0.0,230000
7,Granada CF,Sergio Barcia,DF,26,3,2,1,0,0,"['-', '0', '-', '-', '-']",0,0,0,0,0,0.0,240000
7,Granada CF,Neyder Lozano,DF,24,0,1,1,0,0,"['-', '-', '-', '-', '-']",0,0,0,0,0,0.0,280000
7,Granada CF,Matías Arezo,DL,24,3,1,1,15,1.9,"['-', '2', '-', '-', '2']",0,2,0,0,2,0.8,960000
7,Granada CF,Luis Milla,MD,16,86,2,1,181,5.5,"['4', '5', '2', '5', '3']",4,5,2,5,3,3.8,7690000
7,Granada CF,Antonio Puertas,MD,14,65,0,1,120,3.8,"['-1', '2', '11', '4', '3']",-1,2,11,4,3,3.8,2370000
7,Granada CF,Darwin Machís,MD,14,43,1,1,116,4.6,"['2', '14', '-2', '-', '-']",2,14,-2,0,0,2.8,5150000
7,Granada CF,Gonalons,MD,15,54,1,3,89,3.7,"['-', '3', '6', '5', '4']",0,3,6,5,4,3.6,1460000
7,Granada CF,Montoro,MD,14,35,0,0,83,3.5,"['2', '2', '-', '-', '-']",2,2,0,0,0,0.8,900000
7,Granada CF,Álex Collado,MD,16,32,0,0,64,4,"['2', '5', '2', '11', '1']",2,5,2,11,1,4.2,1930000
7,Granada CF,Rochina,MD,8,22,0,0,61,4.1,"['-', '-', '-', '-', '-']",0,0,0,0,0,0.0,960000
7,Granada CF,Alberto Soro,MD,16,19,0,1,45,2.8,"['-', '-', '-', '-', '2']",0,0,0,0,2,0.4,460000
7,Granada CF,Petrovic,MD,12,24,1,0,44,3.1,"['-', '6', '4', '-', '2']",0,6,4,0,2,2.4,1230000
7,Granada CF,Raba,MD,4,0,0,0,23,2.6,"['4', '-', '-', '-', '-']",4,0,0,0,0,0.8,390000
7,Granada CF,Isma Ruiz,MD,8,8,0,0,18,2.3,"['2', '-', '-', '-', '-']",2,0,0,0,0,0.4,270000
7,Granada CF,Yan Eteki,MD,11,5,0,0,17,1.5,"['-', '-', '-', '1', '2']",0,0,0,1,2,0.6,340000
7,Granada CF,Daniel Plomer,MD,2,0,0,0,0,0,"['-', '-', '-', '-', '-']",0,0,0,0,0,0.0,240000
7,Granada CF,Jorge Molina,DL,8,49,0,0,182,5.4,"['7', '4', '18', '4', '4']",7,4,18,4,4,7.4,4320000
7,Granada CF,Luis Javier Suárez,DL,1,89,0,0,167,4.6,"['14', '6', '10', '2', '6']",14,6,10,2,6,7.6,6270000
7,Granada CF,Bacca,DL,2,11,0,0,45,2.8,"['2', '-', '-', '-', '-']",2,0,0,0,0,0.4,830000
7,Granada CF,Myrto Uzuni,DL,1,24,0,0,39,2.8,"['-', '2', '9', '6', '-']",0,2,9,6,0,3.4,1220000
8,Real Madrid CF,Courtois,PT,35,95,0,0,182,5.2,"['2', '12', '-', '6', '-']",2,12,0,6,0,4.0,5760000
8,Real Madrid CF,Lunin,PT,33,5,1,2,11,5.5,"['-', '-', '2', '-', '12']",0,0,2,0,12,2.8,480000
8,Real Madrid CF,Éder Militão,DF,30,89,2,3,186,5.6,"['6', '-', '3', '-', '5']",6,0,3,0,5,2.8,6450000
8,Real Madrid CF,Alaba,DF,31,81,1,3,158,5.3,"['-', '-', '-', '-', '-']",0,0,0,0,0,0.0,6160000
8,Real Madrid CF,Lucas Vázquez,DF,31,54,27,12,137,4.7,"['5', '4', '2', '7', '4']",5,4,2,7,4,4.4,3870000
8,Real Madrid CF,Nacho Fernández,DF,34,43,17,10,119,4.4,"['7', '-', '5', '6', '4']",7,0,5,6,4,4.4,3140000
8,Real Madrid CF,Carvajal,DF,27,43,1,3,114,5,"['-', '-', '-', '-', '2']",0,0,0,0,2,0.4,4750000
8,Real Madrid CF,Ferland Mendy,DF,27,51,2,8,111,5.3,"['5', '-', '2', '15', '-']",5,0,2,15,0,4.4,4070000
8,Real Madrid CF,Marcelo,DF,29,14,3,0,53,4.8,"['-', '9', '-', '-', '-']",0,9,0,0,0,1.8,1970000
8,Real Madrid CF,Jesús Vallejo,DF,30,11,0,1,25,5,"['-', '7', '1', '10', '5']",0,7,1,10,5,4.6,1290000
8,Real Madrid CF,Miguel Gutiérrez,DF,31,8,10,0,18,6,"['-', '-', '-', '-', '-']",0,0,0,0,0,0.0,520000
8,Real Madrid CF,Mario Gila,DF,21,0,2,1,2,2,"['-', '3', '-', '2', '-']",0,3,0,2,0,1.0,380000
8,Real Madrid CF,Sergio Santos,DF,27,0,3,0,0,0,"['-', '-', '-', '-', '-']",0,0,0,0,0,0.0,290000
8,Real Madrid CF,Casemiro,MD,23,81,1,3,207,6.7,"['-', '5', '5', '-', '7']",0,5,5,0,7,3.4,12310000
8,Real Madrid CF,Kroos,MD,31,65,4,4,191,7.1,"['10', '2', '4', '2', '10']",10,2,4,2,10,5.6,11570000
8,Real Madrid CF,Modric,MD,24,65,2,1,160,5.9,"['-', '7', '3', '16', '-']",0,7,3,16,0,5.2,10770000
8,Real Madrid CF,Fede Valverde,MD,18,51,0,1,128,4.3,"['7', '-', '5', '8', '5']",7,0,5,8,5,5.0,6720000
8,Real Madrid CF,Camavinga,MD,10,35,0,2,118,4.7,"['10', '10', '4', '6', '-']",10,10,4,6,0,6.0,7130000
8,Real Madrid CF,Isco,MD,5,8,0,0,53,4.1,"['-', '4', '-', '-', '-']",0,4,0,0,0,0.8,1650000
8,Real Madrid CF,Dani Ceballos,MD,5,5,1,0,31,3.1,"['-', '7', '-', '-', '4']",0,7,0,0,4,2.2,3490000
8,Real Madrid CF,Antonio Blanco,MD,9,0,1,1,4,4,"['-', '-', '-', '-', '-']",0,0,0,0,0,0.0,390000
8,Real Madrid CF,Sergio Arribas,MD,3,0,0,1,0,0,"['-', '-', '-', '-', '-']",0,0,0,0,0,0.0,480000
8,Real Madrid CF,Benzema,DL,10,81,0,0,328,10.6,"['17', '10', '-', '16', '-']",17,10,0,16,0,8.6,19530000
8,Real Madrid CF,Vinícius Júnior,DL,12,78,1,0,266,7.8,"['3', '5', '5', '24', '-']",3,5,5,24,0,7.4,18310000
8,Real Madrid CF,Asensio,DL,2,51,0,0,173,5.6,"['-', '8', '7', '-', '5']",0,8,7,0,5,4.0,8690000
8,Real Madrid CF,Rodrygo,DL,15,43,1,3,135,4.2,"['-', '16', '5', '9', '7']",0,16,5,9,7,7.4,9200000
8,Real Madrid CF,Eden Hazard,DL,1,19,0,0,77,4.3,"['7', '-', '-', '-', '5']",7,0,0,0,5,2.4,2450000
8,Real Madrid CF,Jovic,DL,3,3,0,0,47,3.1,"['-', '-', '1', '8', '-']",0,0,1,8,0,1.8,1180000
8,Real Madrid CF,Mariano Díaz,DL,2,8,0,0,34,3.8,"['5', '-1', '-', '4', '9']",5,-1,0,4,9,3.4,1540000
8,Real Madrid CF,Bale,DL,1,11,0,0,20,4,"['-', '-', '-', '-', '-']",0,0,0,0,0,0.0,1680000
8,Real Madrid CF,Peter González,DL,1,0,0,0,8,2.7,"['2', '-', '-', '4', '-']",2,0,0,4,0,1.2,460000
8,Real Madrid CF,Latasa,DL,0,0,0,0,0,0,"['-', '-', '-', '-', '2']",0,0,0,0,2,0.4,160000
8,Real Madrid CF,Marvin,DL,0,0,0,0,0,0,"['-', '-', '-', '-', '-']",0,0,0,0,0,0.0,220000
9,Rayo Vallecano de Madrid,Dimitrievski,PT,35,81,2,2,148,4.8,"['11', '2', '11', '-1', '2']",11,2,11,-1,2,5.0,2530000
9,Rayo Vallecano de Madrid,Luca Zidane,PT,34,19,1,2,11,1.6,"['-', '-', '-', '-', '-']",0,0,0,0,0,0.0,440000
9,Rayo Vallecano de Madrid,Catena,DF,34,95,1,0,173,4.9,"['8', '5', '7', '0', '2']",8,5,7,0,2,4.4,3750000
9,Rayo Vallecano de Madrid,Fran García,DF,35,92,6,4,125,3.7,"['3', '4', '6', '-2', '3']",3,4,6,-2,3,2.8,3000000
9,Rayo Vallecano de Madrid,Balliu,DF,34,92,1,2,120,3.5,"['4', '-', '5', '-1', '6']",4,0,5,-1,6,2.8,2180000
9,Rayo Vallecano de Madrid,Saveljich,DF,31,57,0,0,69,3.3,"['-', '-', '-', '-', '-']",0,0,0,0,0,0.0,850000
9,Rayo Vallecano de Madrid,Nikola Maras,DF,34,30,0,0,50,3.1,"['6', '1', '2', '0', '6']",6,1,2,0,6,3.0,740000
9,Rayo Vallecano de Madrid,Mario Hernández,DF,34,14,2,4,28,3.1,"['1', '2', '-', '-', '2']",1,2,0,0,2,1.0,570000
9,Rayo Vallecano de Madrid,Kevin Rodrigues,DF,32,11,3,9,22,1.8,"['-', '-', '-', '-', '2']",0,0,0,0,2,0.4,500000
9,Rayo Vallecano de Madrid,Álvaro García,MD,21,89,0,0,193,5.5,"['11', '6', '2', '5', '8']",11,6,2,5,8,6.4,6780000
9,Rayo Vallecano de Madrid,Trejo,MD,31,65,7,2,164,5.1,"['4', '5', '7', '-', '-']",4,5,7,0,0,3.2,5750000
9,Rayo Vallecano de Madrid,Óscar Valentín,MD,33,76,3,0,141,4.1,"['3', '5', '3', '4', '6']",3,5,3,4,6,4.2,2640000
9,Rayo Vallecano de Madrid,Comesaña,MD,26,86,0,0,139,4.1,"['2', '2', '5', '-1', '-']",2,2,5,-1,0,1.6,4760000
9,Rayo Vallecano de Madrid,Isi Palazón,MD,30,73,2,1,125,3.7,"['4', '2', '3', '-', '-']",4,2,3,0,0,1.8,3270000
9,Rayo Vallecano de Madrid,Pathé Ciss,MD,16,30,0,0,107,3.6,"['5', '3', '5', '-', '10']",5,3,5,0,10,4.6,1920000
9,Rayo Vallecano de Madrid,Bebé,MD,21,14,6,0,99,3.5,"['-', '-', '4', '0', '2']",0,0,4,0,2,1.2,2450000
9,Rayo Vallecano de Madrid,Unai López,MD,13,32,0,0,73,2.8,"['2', '2', '1', '6', '-']",2,2,1,6,0,2.2,1160000
9,Rayo Vallecano de Madrid,Mario Suárez,MD,7,19,0,0,27,2.1,"['2', '-', '8', '-', '-']",2,0,8,0,0,2.0,930000
9,Rayo Vallecano de Madrid,Merquelanz,MD,28,8,1,2,13,3.3,"['-', '-', '-', '-', '-']",0,0,0,0,0,0.0,420000
9,Rayo Vallecano de Madrid,Álvaro Aguirre,MD,9,0,1,0,2,2,"['-', '-', '-', '-', '-']",0,0,0,0,0,0.0,220000
9,Rayo Vallecano de Madrid,Sergi Guardiola,DL,12,51,0,0,133,4.3,"['1', '2', '-', '9', '7']",1,2,0,9,7,3.8,4500000
9,Rayo Vallecano de Madrid,Randy Nteka,DL,4,41,0,0,103,3.1,"['2', '2', '2', '4', '2']",2,2,2,4,2,2.4,1840000
9,Rayo Vallecano de Madrid,Falcao,DL,11,22,0,0,92,4.4,"['-', '9', '1', '3', '0']",0,9,1,3,0,2.6,4280000
9,Rayo Vallecano de Madrid,Mamadou Sylla,DL,7,14,0,0,54,2.3,"['-', '-', '-', '3', '-']",0,0,0,3,0,0.6,730000
10,Levante UD,Dani Cárdenas,PT,34,62,13,6,75,3.3,"['6', '2', '5', '6', '-']",6,2,5,6,0,3.8,900000
10,Levante UD,Dani Cárdenas,PT,28,62,0,0,75,3.3,"['6', '2', '5', '6', '-']",6,2,5,6,0,3.8,900000
10,Levante UD,Óscar Duarte,DF,34,54,13,6,94,4.1,"['7', '13', '2', '-', '13']",7,13,2,0,13,7.0,800000
10,Levante UD,Óscar Duarte,DF,28,54,0,0,94,4.1,"['7', '13', '2', '-', '13']",7,13,2,0,13,7.0,800000
10,Levante UD,Aitor Fernández,PT,31,35,0,0,50,3.8,"['-', '-', '-', '-', '-']",0,0,0,0,0,0.0,810000
10,Levante UD,Álex Primo,PT,28,3,6,3,2,2,"['-', '-', '-', '-', '2']",0,0,0,0,2,0.4,160000
10,Levante UD,Rúben Vezo,DF,23,73,0,0,104,3.4,"['-', '1', '6', '-4', '4']",0,1,6,-4,4,1.4,1670000
10,Levante UD,Jorge Miramón,DF,26,59,1,0,73,2.6,"['4', '2', '10', '-1', '3']",4,2,10,-1,3,3.6,670000
10,Levante UD,Son,DF,28,59,1,0,72,2.8,"['5', '1', '5', '1', '3']",5,1,5,1,3,3.0,800000
10,Levante UD,Mustafi,DF,28,22,1,0,44,4,"['-', '-', '-', '-', '-']",0,0,0,0,0,0.0,530000
10,Levante UD,Rober Pier,DF,26,54,1,0,71,2.7,"['6', '2', '4', '2', '-']",6,2,4,2,0,2.8,730000
10,Levante UD,Mickael Malsa,MD,26,30,1,0,82,3.2,"['4', '-', '-', '-', '3']",4,0,0,0,3,1.4,840000
10,Levante UD,Clerc,DF,23,49,2,0,50,2.6,"['-', '-', '-', '-', '-']",0,0,0,0,0,0.0,610000
10,Levante UD,Enric Franquesa,DF,29,16,5,2,28,1.8,"['-', '-', '-', '-', '-']",0,0,0,0,0,0.0,370000
10,Levante UD,Sergio Postigo,DF,19,24,0,0,25,2.1,"['-', '-', '2', '-1', '-']",0,0,2,-1,0,0.2,410000
10,Levante UD,Martín Cáceres,DF,29,24,3,2,18,1.8,"['4', '-', '-', '0', '-']",4,0,0,0,0,0.8,720000
10,Levante UD,Marc Pubill,DF,20,14,2,2,16,1.6,"['-', '2', '-', '-', '-']",0,2,0,0,0,0.4,450000
10,Levante UD,Coke,DF,18,0,0,0,15,3,"['4', '-', '-', '-', '5']",4,0,0,0,5,1.8,340000
10,Levante UD,Marcelo Saracchi,DF,13,3,0,0,10,3.3,"['-', '5', '-', '-', '3']",0,5,0,0,3,1.6,330000
10,Levante UD,Pepelu,MD,26,62,1,2,113,4,"['6', '6', '4', '2', '2']",6,6,4,2,2,4.0,2530000
10,Levante UD,Bardhi,MD,28,43,4,2,113,3.9,"['4', '4', '2', '6', '1']",4,4,2,6,1,3.4,1850000
10,Levante UD,Melero,MD,12,51,0,0,106,3.8,"['10', '4', '5', '0', '-']",10,4,5,0,0,3.8,2410000
10,Levante UD,Jorge de Frutos,MD,10,54,0,0,102,4.1,"['5', '-', '-', '-', '-']",5,0,0,0,0,1.0,2070000
10,Levante UD,Campaña,MD,11,43,1,0,91,4.6,"['-', '5', '6', '3', '7']",0,5,6,3,7,4.2,3580000
10,Levante UD,Radoja,MD,13,43,0,1,51,2.8,"['-', '2', '1', '2', '-']",0,2,1,2,0,1.0,630000
10,Levante UD,Alejandro Cantero,MD,16,8,0,0,43,1.8,"['-', '-', '-', '1', '1']",0,0,0,1,1,0.4,400000
10,Levante UD,Vukcevic,MD,10,0,0,1,15,2.5,"['2', '-', '-', '-', '-']",2,0,0,0,0,0.4,310000
10,Levante UD,Giorgi Kochorashvili,MD,24,0,0,1,0,0,"['-', '-', '-', '-', '-']",0,0,0,0,0,0.0,240000
10,Levante UD,Edgar Sevikyan,MD,3,0,0,0,0,0,"['-', '-', '-', '-', '-']",0,0,0,0,0,0.0,220000
10,Levante UD,Morales,DL,1,81,0,0,183,5.4,"['1', '10', '3', '4', '14']",1,10,3,4,14,6.4,8740000
10,Levante UD,Roger,DL,6,65,0,0,120,4.3,"['5', '-', '4', '1', '9']",5,0,4,1,9,3.8,3940000
10,Levante UD,Dani Gómez,DL,4,30,0,0,85,3,"['2', '1', '2', '1', '3']",2,1,2,1,3,1.8,1550000
10,Levante UD,Soldado,DL,0,19,0,0,55,3.1,"['-', '4', '-', '-', '0']",0,4,0,0,0,0.8,940000
11,RCD Mallorca,Reina,PT,35,54,0,0,79,4,"['-', '-', '-', '8', '3']",0,0,0,8,3,2.2,770000
11,RCD Mallorca,Sergio Rico,PT,34,38,1,4,31,2.2,"['1', '3', '-4', '-', '-']",1,3,-4,0,0,0.0,1460000
11,RCD Mallorca,Leo Román,PT,35,5,3,3,8,4,"['-', '-', '-', '-', '-']",0,0,0,0,0,0.0,200000
11,RCD Mallorca,Greif,PT,27,3,1,0,0,0,"['-', '-', '-', '-', '-']",0,0,0,0,0,0.0,220000
11,RCD Mallorca,Maffeo,DF,26,92,2,0,136,4,"['0', '0', '3', '1', '5']",0,0,3,1,5,1.8,3480000
11,RCD Mallorca,Martin Valjent,DF,20,95,0,0,112,3.2,"['5', '2', '0', '5', '4']",5,2,0,5,4,3.2,1430000
11,RCD Mallorca,Brian Oliván,DF,24,62,0,4,93,3.4,"['2', '5', '1', '6', '4']",2,5,1,6,4,3.6,1120000
11,RCD Mallorca,Jaume Costa,DF,28,54,1,0,87,3.6,"['-', '-', '2', '6', '6']",0,0,2,6,6,2.8,1290000
11,RCD Mallorca,Raíllo,DF,28,43,2,2,73,4.6,"['5', '10', '7', '5', '5']",5,10,7,5,5,6.4,1640000
11,RCD Mallorca,Franco Russo,DF,28,46,1,0,51,2.8,"['-', '1', '-', '2', '-']",0,1,0,2,0,0.6,580000
11,RCD Mallorca,Giovanni González,DF,18,8,1,0,31,3.4,"['4', '-', '-', '-', '-']",4,0,0,0,0,0.8,650000
11,RCD Mallorca,Sedlar,DF,22,8,0,0,16,1.6,"['-', '-', '-', '-', '-']",0,0,0,0,0,0.0,340000
11,RCD Mallorca,Josep Gayá,DF,27,3,5,3,-2,-2,"['-', '-', '-', '-', '-']",0,0,0,0,0,0.0,240000
11,RCD Mallorca,Salva Sevilla,MD,16,43,2,0,141,5.2,"['1', '8', '9', '9', '5']",1,8,9,9,5,6.4,4070000
11,RCD Mallorca,Dani Rodríguez,MD,30,89,1,2,134,3.8,"['4', '2', '0', '4', '2']",4,2,0,4,2,2.4,3530000
11,RCD Mallorca,Kubo,MD,15,46,5,2,110,3.9,"['4', '2', '3', '2', '4']",4,2,3,2,4,3.0,3260000
11,RCD Mallorca,Idrissu Baba,MD,14,62,0,0,109,4.2,"['4', '-', '2', '-', '-']",4,0,2,0,0,1.2,2940000
11,RCD Mallorca,Ruiz de Galarreta,MD,25,46,0,0,91,4.1,"['-', '-', '-', '-', '-']",0,0,0,0,0,0.0,1280000
11,RCD Mallorca,Kang-In Lee,MD,19,41,0,1,87,2.9,"['4', '4', '2', '-', '3']",4,4,2,0,3,2.6,1170000
11,RCD Mallorca,Antonio Sánchez,MD,23,49,2,0,85,3,"['8', '1', '3', '2', '1']",8,1,3,2,1,3.0,980000
11,RCD Mallorca,Rodrigo Battaglia,MD,22,30,3,0,57,2.3,"['-', '2', '-', '8', '2']",0,2,0,8,2,2.4,1040000
11,RCD Mallorca,Amath Ndiaye,MD,11,24,0,0,44,2.3,"['1', '-', '-', '-', '-']",1,0,0,0,0,0.2,490000
11,RCD Mallorca,Javi Llabres,MD,10,3,0,0,14,2.8,"['4', '-', '2', '-', '-']",4,0,2,0,0,1.2,280000
11,RCD Mallorca,Grenier,MD,9,0,1,0,6,1.5,"['-', '2', '-', '2', '-']",0,2,0,2,0,0.8,470000
11,RCD Mallorca,Muriqi,DL,7,41,0,0,99,6.6,"['4', '-', '9', '5', '11']",4,0,9,5,11,5.8,7010000
11,RCD Mallorca,Ángel Rodríguez,DL,2,49,0,0,92,3.3,"['-', '4', '3', '2', '3']",0,4,3,2,3,2.4,1750000
11,RCD Mallorca,Abdón Prats,DL,6,16,0,0,73,3.3,"['-', '-', '4', '-', '8']",0,0,4,0,8,2.4,540000
11,RCD Mallorca,Fernando Niño,DL,5,24,0,0,71,3.1,"['-', '1', '-', '-', '-']",0,1,0,0,0,0.2,1140000
11,RCD Mallorca,Hoppe,DL,5,3,0,1,7,1.4,"['1', '-', '-', '-', '-']",1,0,0,0,0,0.2,330000
2,Real Betis Balompié,Rui Silva,PT,33,54,6,8,93,4.4,"['-', '-', '2', '11', '11']",0,0,2,11,11,4.8,1380000
2,Real Betis Balompié,Claudio Bravo,PT,33,46,5,8,61,3.6,"['6', '7', '2', '-', '-']",6,7,2,0,0,3.0,770000
2,Real Betis Balompié,Joel Robles,PT,31,0,1,2,0,0,"['-', '-', '-', '-', '-']",0,0,0,0,0,0.0,200000
2,Real Betis Balompié,Álex Moreno,DF,29,73,5,3,137,4.7,"['-', '3', '0', '4', '6']",0,3,0,4,6,2.6,5040000
2,Real Betis Balompié,Marc Bartra,DF,32,59,16,4,106,4.8,"['-', '-', '11', '7', '-']",0,0,11,7,0,3.6,2830000
2,Real Betis Balompié,Pezzella,DF,23,57,0,2,96,4.4,"['8', '7', '3', '4', '9']",8,7,3,4,9,6.2,2330000
2,Real Betis Balompié,Édgar González,DF,22,38,1,0,96,4.6,"['5', '-', '-', '2', '8']",5,0,0,2,8,3.0,1540000
2,Real Betis Balompié,Héctor Bellerín,DF,22,59,1,0,91,4,"['5', '-', '-', '-', '3']",5,0,0,0,3,1.6,2840000
2,Real Betis Balompié,Víctor Ruiz,DF,21,46,0,0,71,3.9,"['-', '8', '-', '-', '-']",0,8,0,0,0,1.6,890000
2,Real Betis Balompié,Juan Miranda,DF,32,24,2,3,57,4.4,"['6', '-', '-', '6', '-']",6,0,0,6,0,2.4,800000
2,Real Betis Balompié,Sabaly,DF,32,22,10,0,31,3.4,"['-', '7', '3', '4', '-']",0,7,3,4,0,2.8,880000
2,Real Betis Balompié,Martín Montoya,DF,31,16,9,4,26,4.3,"['-', '-', '-', '-', '-']",0,0,0,0,0,0.0,540000
2,Real Betis Balompié,Kike Hermoso,DF,17,3,0,0,13,13,"['-', '-', '-', '-', '-']",0,0,0,0,0,0.0,310000
2,Real Betis Balompié,Fekir,MD,18,86,0,0,218,6.6,"['10', '5', '8', '4', '6']",10,5,8,4,6,6.6,13430000
2,Real Betis Balompié,Canales,MD,27,86,0,1,199,6,"['15', '8', '-1', '16', '4']",15,8,-1,16,4,8.4,13900000
2,Real Betis Balompié,William Carvalho,MD,21,54,1,1,148,4.6,"['4', '7', '6', '7', '5']",4,7,6,7,5,5.8,5980000
2,Real Betis Balompié,Guido Rodríguez,MD,20,76,1,2,148,4.8,"['2', '-', '2', '6', '7']",2,0,2,6,7,3.4,3870000
2,Real Betis Balompié,Guardado,MD,19,43,0,0,81,3,"['7', '-', '6', '-', '2']",7,0,6,0,2,3.0,960000
2,Real Betis Balompié,Tello,MD,13,14,0,2,75,3.4,"['-', '2', '-', '-', '-']",0,2,0,0,0,0.4,1310000
2,Real Betis Balompié,Rodrigo Sánchez,MD,9,27,0,1,71,3.6,"['3', '-', '1', '2', '8']",3,0,1,2,8,2.8,700000
2,Real Betis Balompié,Joaquín,MD,6,5,0,1,59,3,"['-', '2', '-', '4', '1']",0,2,0,4,1,1.4,1150000
2,Real Betis Balompié,Aitor Ruibal,MD,8,24,0,0,41,2.2,"['-', '2', '-', '-', '-']",0,2,0,0,0,0.4,670000
2,Real Betis Balompié,Paul Akouokou,MD,22,16,2,2,23,2.9,"['-', '-', '-', '-', '-']",0,0,0,0,0,0.0,390000
2,Real Betis Balompié,Camarasa,MD,20,0,0,1,16,2.3,"['2', '-', '-', '-', '-']",2,0,0,0,0,0.4,260000
2,Real Betis Balompié,Diego Lainez,MD,7,3,0,0,11,1.6,"['4', '3', '-', '-', '-']",4,3,0,0,0,1.4,350000
2,Real Betis Balompié,Yassin Fekir,MD,4,0,0,0,0,0,"['-', '-', '-', '-', '-']",0,0,0,0,0,0.0,290000
2,Real Betis Balompié,Juanmi Jiménez,DL,1,68,1,0,203,6.3,"['8', '2', '1', '5', '16']",8,2,1,5,16,6.4,11930000
2,Real Betis Balompié,Borja Iglesias,DL,7,49,0,0,144,4.5,"['17', '2', '3', '10', '6']",17,2,3,10,6,7.6,8850000
2,Real Betis Balompié,Willian José,DL,1,49,0,0,138,4.5,"['2', '2', '-', '9', '-']",2,2,0,9,0,2.6,6710000
2,Real Betis Balompié,Raúl García de Haro,DL,1,0,0,0,0,0,"['-', '-', '-', '-', '-']",0,0,0,0,0,0.0,240000
13,Real Sociedad de Fútbol,Alex Remiro,PT,36,92,1,1,181,5.3,"['7', '8', '4', '6', '3']",7,8,4,6,3,5.6,4230000
13,Real Sociedad de Fútbol,Ryan,PT,34,8,0,0,15,5,"['-', '-', '-', '-', '-']",0,0,0,0,0,0.0,310000
13,Real Sociedad de Fútbol,Le Normand,DF,33,97,3,2,187,5.2,"['9', '6', '6', '-', '2']",9,6,6,0,2,4.6,5100000
13,Real Sociedad de Fútbol,Aritz Elustondo,DF,35,57,2,1,140,4.8,"['5', '2', '-', '7', '-']",5,2,0,7,0,2.8,3750000
13,Real Sociedad de Fútbol,Gorosabel,DF,31,65,6,2,120,3.9,"['5', '7', '6', '7', '7']",5,7,6,7,7,6.4,2280000
13,Real Sociedad de Fútbol,Zubeldia,DF,31,51,0,4,79,3,"['-', '2', '0', '7', '0']",0,2,0,7,0,1.8,1050000
13,Real Sociedad de Fútbol,Diego Rico,DF,25,49,2,4,79,4,"['2', '2', '2', '5', '2']",2,2,2,5,2,2.6,2810000
13,Real Sociedad de Fútbol,Zaldua,DF,29,38,4,1,74,3.2,"['-', '2', '-', '-', '1']",0,2,0,0,1,0.6,1370000
13,Real Sociedad de Fútbol,Aihen Muñoz,DF,32,41,4,0,46,2.3,"['-', '-', '-', '4', '-']",0,0,0,4,0,0.8,670000
13,Real Sociedad de Fútbol,Jon Pacheco,DF,22,11,9,3,34,3.4,"['6', '-', '-', '2', '-']",6,0,0,2,0,1.6,640000
13,Real Sociedad de Fútbol,Álex Sola,DF,26,0,0,1,6,3,"['2', '-', '-', '-', '-']",2,0,0,0,0,0.4,730000
13,Real Sociedad de Fútbol,Cristo Romero,DF,20,0,0,0,2,2,"['-', '-', '-', '-', '-']",0,0,0,0,0,0.0,280000
13,Real Sociedad de Fútbol,González de Zárate,DF,32,0,3,0,0,0,"['-', '-', '-', '-', '-']",0,0,0,0,0,0.0,250000
13,Real Sociedad de Fútbol,Monreal,DF,36,0,1,2,0,0,"['-', '-', '-', '-', '-']",0,0,0,0,0,0.0,350000
13,Real Sociedad de Fútbol,Aritz Arambarri,DF,20,0,0,0,0,0,"['-', '-', '-', '-', '-']",0,0,0,0,0,0.0,280000
13,Real Sociedad de Fútbol,Mikel Merino,MD,23,86,0,0,168,5.1,"['16', '3', '6', '5', '2']",16,3,6,5,2,6.4,8040000
13,Real Sociedad de Fútbol,Zubimendi,MD,16,68,1,0,157,4.5,"['3', '5', '9', '5', '10']",3,5,9,5,10,6.4,3570000
13,Real Sociedad de Fútbol,Silva,MD,17,59,0,0,130,5.2,"['14', '-', '13', '11', '5']",14,0,13,11,5,8.6,5080000
13,Real Sociedad de Fútbol,Januzaj,MD,11,46,1,1,126,3.9,"['-', '4', '2', '8', '0']",0,4,2,8,0,2.8,4880000
13,Real Sociedad de Fútbol,Rafinha,MD,7,32,0,0,74,4.6,"['-', '8', '5', '3', '4']",0,8,5,3,4,4.0,5580000
13,Real Sociedad de Fútbol,Guevara,MD,10,30,0,0,54,3.2,"['1', '2', '-', '-', '-']",1,2,0,0,0,0.6,720000
13,Real Sociedad de Fútbol,Ander Barrenetxea,MD,3,16,0,0,38,3.5,"['-', '-', '-', '-', '-']",0,0,0,0,0,0.0,860000
13,Real Sociedad de Fútbol,Robert Navarro,MD,6,8,0,0,23,3.8,"['-', '-', '-', '-', '-']",0,0,0,0,0,0.0,420000
13,Real Sociedad de Fútbol,Beñat Turrientes,MD,13,3,2,0,22,2.8,"['-', '-', '-', '-', '-']",0,0,0,0,0,0.0,390000
13,Real Sociedad de Fútbol,Illarramendi,MD,8,14,0,0,17,2.4,"['2', '5', '-', '-', '1']",2,5,0,0,1,1.6,1130000
13,Real Sociedad de Fútbol,Näis Djouahra,MD,6,3,0,0,16,2.7,"['3', '-', '-', '-', '-']",3,0,0,0,0,0.6,390000
13,Real Sociedad de Fútbol,Guridi,MD,7,3,0,0,15,1.9,"['-', '-', '-', '2', '-']",0,0,0,2,0,0.4,340000
13,Real Sociedad de Fútbol,Ander Martín,MD,5,3,0,0,12,2.4,"['-', '-', '-', '-', '-']",0,0,0,0,0,0.0,280000
13,Real Sociedad de Fútbol,Germán Valera,MD,3,0,0,0,6,2,"['-', '-', '-', '-', '-']",0,0,0,0,0,0.0,260000
13,Real Sociedad de Fútbol,Roberto López,MD,1,0,0,0,0,0,"['-', '-', '-', '-', '-']",0,0,0,0,0,0.0,250000
13,Real Sociedad de Fútbol,Luca Sangalli,MD,2,0,0,0,0,0,"['-', '-', '-', '-', '-']",0,0,0,0,0,0.0,230000
13,Real Sociedad de Fútbol,Isak,DL,1,68,0,0,133,4.3,"['-', '2', '5', '-', '11']",0,2,5,0,11,3.6,7020000
13,Real Sociedad de Fútbol,Oyarzabal,DL,0,51,0,0,128,5.8,"['6', '-', '-', '-', '-']",6,0,0,0,0,1.2,6040000
13,Real Sociedad de Fútbol,Sorloth,DL,0,51,0,0,112,3.5,"['4', '11', '3', '8', '1']",4,11,3,8,1,5.4,5980000
13,Real Sociedad de Fútbol,Portu,DL,0,46,0,0,110,3.1,"['2', '2', '2', '12', '2']",2,2,2,12,2,4.0,3520000
13,Real Sociedad de Fútbol,Lobete,DL,0,5,0,0,34,2.6,"['-', '-', '-', '-', '-']",0,0,0,0,0,0.0,540000
13,Real Sociedad de Fútbol,Carlos Fernández,DL,0,0,0,0,0,0,"['-', '-', '-', '-', '-']",0,0,0,0,0,0.0,470000
14,Villarreal CF,Rulli,PT,32,84,5,1,153,4.9,"['2', '-', '2', '2', '2']",2,0,2,2,2,1.6,3650000
14,Villarreal CF,Sergio Asenjo,PT,31,16,0,0,24,4,"['-', '2', '-', '-', '-']",0,2,0,0,0,0.4,1010000
14,Villarreal CF,Pau Torres,DF,32,86,2,9,188,5.9,"['4', '2', '4', '17', '1']",4,2,4,17,1,5.6,7030000
14,Villarreal CF,Alfonso Pedraza,DF,27,49,0,0,132,4.9,"['3', '2', '2', '24', '4']",3,2,2,24,4,7.0,2740000
14,Villarreal CF,Juan Foyth,DF,34,59,6,4,122,4.9,"['4', '6', '3', '11', '2']",4,6,3,11,2,5.2,3610000
14,Villarreal CF,Albiol,DF,29,73,1,1,116,4.3,"['3', '-', '4', '0', '3']",3,0,4,0,3,2.0,3280000
14,Villarreal CF,Alberto Moreno,DF,25,35,1,1,111,4.6,"['3', '-', '-', '-', '-']",3,0,0,0,0,0.6,2590000
14,Villarreal CF,Estupiñán,DF,31,46,6,4,88,3.3,"['5', '2', '6', '-', '4']",5,2,6,0,4,3.4,1880000
14,Villarreal CF,Aïssa Mandi,DF,27,38,3,4,82,4.8,"['-', '3', '-', '2', '-']",0,3,0,2,0,1.0,1520000
14,Villarreal CF,Aurier,DF,27,27,0,1,58,3.2,"['-', '1', '2', '-', '-']",0,1,2,0,0,0.6,1290000
14,Villarreal CF,Mario Gaspar,DF,23,16,10,3,28,2.5,"['2', '-', '-', '1', '2']",2,0,0,1,2,1.0,520000
14,Villarreal CF,Rubén Peña,DF,17,3,1,0,14,2.3,"['-', '-', '-', '-', '-']",0,0,0,0,0,0.0,310000
14,Villarreal CF,Parejo,MD,17,84,9,3,233,7.3,"['6', '5', '8', '11', '10']",6,5,8,11,10,8.0,13340000
14,Villarreal CF,Trigueros,MD,25,70,5,5,162,4.8,"['-', '5', '1', '6', '2']",0,5,1,6,2,2.8,6160000
14,Villarreal CF,Yéremi Pino,MD,24,57,3,2,147,4.7,"['2', '-', '-', '-', '-']",2,0,0,0,0,0.4,5550000
14,Villarreal CF,Danjuma,MD,26,46,3,3,140,6.1,"['-', '-', '-', '-', '-']",0,0,0,0,0,0.0,11890000
14,Villarreal CF,Capoue,MD,28,68,1,2,139,4.8,"['4', '2', '5', '5', '6']",4,2,5,5,6,4.4,5360000
14,Villarreal CF,Samu Chukwueze,MD,20,32,0,1,104,4,"['-', '10', '7', '1', '2']",0,10,7,1,2,4.0,5530000
14,Villarreal CF,Moi Gómez,MD,18,32,0,1,90,3.2,"['2', '2', '-', '-', '-']",2,2,0,0,0,0.8,1890000
14,Villarreal CF,Coquelin,MD,15,22,1,1,90,4.3,"['-', '-', '3', '-', '11']",0,0,3,0,11,2.8,1510000
14,Villarreal CF,Lo Celso,MD,17,27,1,3,83,5.5,"['-', '9', '12', '4', '5']",0,9,12,4,5,6.0,11010000
14,Villarreal CF,Iborra,MD,20,32,2,1,52,2.6,"['2', '5', '-', '3', '-']",2,5,0,3,0,2.0,890000
14,Villarreal CF,Carlo Adriano,MD,11,0,0,0,2,2,"['-', '-', '-', '-', '-']",0,0,0,0,0,0.0,280000
14,Villarreal CF,Gerard Moreno,DL,6,38,0,0,128,7.5,"['2', '-', '-', '-', '-']",2,0,0,0,0,0.4,11360000
14,Villarreal CF,Boulaye Dia,DL,6,35,0,0,118,4.7,"['-', '3', '2', '5', '3']",0,3,2,5,3,2.6,3520000
14,Villarreal CF,Alcácer,DL,8,24,0,0,60,3.5,"['-', '4', '1', '8', '2']",0,4,1,8,2,3.0,2220000
14,Villarreal CF,Nicolas Jackson,DL,7,0,0,0,21,3.5,"['3', '-', '5', '3', '2']",3,0,5,3,2,2.6,360000
15,Valencia CF,Mamardashvili,PT,35,49,11,6,90,5,"['-', '6', '11', '-1', '-']",0,6,11,-1,0,3.2,1680000
15,Valencia CF,Cillessen,PT,29,46,2,0,61,3.6,"['1', '-', '-', '-', '2']",1,0,0,0,2,0.6,810000
15,Valencia CF,Jaume Doménech,PT,31,5,1,0,4,1.3,"['4', '-', '-', '-', '-']",4,0,0,0,0,0.8,260000
15,Valencia CF,Omar Alderete,DF,31,76,11,5,124,4.3,"['4', '5', '5', '2', '4']",4,5,5,2,4,4.0,2960000
15,Valencia CF,Gabriel Paulista,DF,28,49,0,1,100,5.6,"['-', '4', '3', '-', '-']",0,4,3,0,0,1.4,5280000
15,Valencia CF,Gayà,DF,30,57,7,1,87,3.8,"['2', '-6', '-', '-', '5']",2,-6,0,0,5,0.2,4260000
15,Valencia CF,Foulquier,DF,23,70,2,4,83,2.8,"['4', '1', '2', '-1', '4']",4,1,2,-1,4,2.0,1470000
15,Valencia CF,Diakhaby,DF,28,54,4,1,82,2.9,"['1', '3', '2', '2', '-']",1,3,2,2,0,1.6,1030000
15,Valencia CF,Thierry Correia,DF,28,46,0,1,71,3.9,"['4', '7', '4', '4', '5']",4,7,4,4,5,4.8,1890000
15,Valencia CF,Jesús Vázquez,DF,19,22,1,1,43,3.1,"['-', '2', '5', '0', '-']",0,2,5,0,0,1.4,820000
15,Valencia CF,Lato,DF,18,19,0,0,29,2.6,"['2', '-', '-', '-', '-']",2,0,0,0,0,0.4,390000
15,Valencia CF,Cömert,DF,18,14,2,1,13,1.6,"['-', '-', '-', '-', '2']",0,0,0,0,2,0.4,1030000
15,Valencia CF,Cristhian Mosquera,DF,17,8,0,1,7,1.2,"['1', '-', '-', '-', '-']",1,0,0,0,0,0.2,350000
15,Valencia CF,Rubén Iranzo,DF,18,3,0,1,3,1,"['-', '-', '-', '-', '-']",0,0,0,0,0,0.0,230000
15,Valencia CF,Carlos Soler,MD,28,73,1,0,205,6.6,"['-', '6', '7', '9', '1']",0,6,7,9,1,4.6,11800000
15,Valencia CF,Guillamón,MD,27,76,0,0,88,2.8,"['5', '4', '-1', '-', '-']",5,4,-1,0,0,1.6,1930000
15,Valencia CF,Racic,MD,22,35,0,1,73,2.7,"['2', '5', '2', '3', '5']",2,5,2,3,5,3.4,1000000
15,Valencia CF,Yunus Musah,MD,15,35,0,0,66,2.4,"['6', '-', '4', '-', '2']",6,0,4,0,2,2.4,730000
15,Valencia CF,Denis Cheryshev,MD,13,14,0,0,44,2.8,"['-', '-', '-', '-', '3']",0,0,0,0,3,0.6,710000
15,Valencia CF,Hélder Costa,MD,12,35,0,1,43,2,"['-', '-', '-', '-', '-']",0,0,0,0,0,0.0,580000
15,Valencia CF,Bryan Gil,MD,28,22,1,2,37,3.1,"['-', '-', '-', '2', '2']",0,0,0,2,2,0.8,6630000
15,Valencia CF,Ilaix Moriba,MD,11,22,0,1,33,2.5,"['-', '-', '1', '7', '2']",0,0,1,7,2,2.0,1940000
15,Valencia CF,Koba,MD,16,3,0,1,21,2.1,"['-', '-', '-', '-', '-']",0,0,0,0,0,0.0,330000
15,Valencia CF,Jesús Santiago,MD,8,0,0,0,3,1,"['-', '-', '-', '1', '-']",0,0,0,1,0,0.2,200000
15,Valencia CF,Guedes,DL,6,81,1,0,216,6.2,"['11', '3', '2', '1', '2']",11,3,2,1,2,3.8,12970000
15,Valencia CF,Hugo Duro,DL,6,59,0,0,119,3.8,"['2', '8', '-', '4', '-']",2,8,0,4,0,2.8,4640000
15,Valencia CF,Maxi Gómez,DL,3,54,0,0,110,3.9,"['-', '2', '2', '3', '8']",0,2,2,3,8,3.0,2810000
15,Valencia CF,Marcos André,DL,10,19,0,0,89,3.2,"['2', '-', '-', '-', '6']",2,0,0,0,6,1.6,870000
16,Deportivo Alavés,Pacheco,PT,37,92,1,3,122,3.6,"['-1', '4', '0', '3', '0']",-1,4,0,3,0,1.2,1820000
16,Deportivo Alavés,Sivera,PT,37,5,14,4,8,2.7,"['-', '-', '-', '-', '-']",0,0,0,0,0,0.0,420000
16,Deportivo Alavés,Owono,PT,34,3,0,0,3,3,"['-', '-', '-', '-', '-']",0,0,0,0,0,0.0,210000
16,Deportivo Alavés,Laguardia,DF,34,92,3,2,137,4,"['4', '12', '-1', '4', '5']",4,12,-1,4,5,4.8,2690000
16,Deportivo Alavés,Rubén Duarte,DF,33,81,0,4,121,3.7,"['-1', '7', '-', '5', '2']",-1,7,0,5,2,2.6,1860000
16,Deportivo Alavés,Lejeune,DF,29,78,0,0,98,3.4,"['-', '4', '1', '5', '3']",0,4,1,5,3,2.6,1730000
16,Deportivo Alavés,Martín Aguirregabiria,DF,31,43,2,0,61,2.7,"['-1', '2', '2', '1', '-']",-1,2,2,1,0,0.8,640000
16,Deportivo Alavés,Miazga,DF,32,24,1,1,42,3.8,"['-', '-', '1', '1', '2']",0,0,1,1,2,0.8,490000
16,Deportivo Alavés,Nahuel Tenaglia,DF,27,30,0,1,42,3.2,"['-2', '-', '-', '-', '-']",-2,0,0,0,0,-0.4,920000
16,Deportivo Alavés,Ximo Navarro,DF,23,41,0,1,32,1.9,"['-', '2', '-7', '-', '1']",0,2,-7,0,1,-0.8,580000
16,Deportivo Alavés,Javi López Carballo,DF,29,11,0,0,13,1.6,"['2', '-', '2', '-', '-']",2,0,2,0,0,0.8,280000
16,Deportivo Alavés,Saúl García,DF,26,0,1,0,3,3,"['-', '-', '-', '-', '-']",0,0,0,0,0,0.0,280000
16,Deportivo Alavés,Alexandru Tirlea,DF,17,0,5,0,2,2,"['-', '-', '-', '-', '-']",0,0,0,0,0,0.0,250000
16,Deportivo Alavés,Keller,DF,17,0,0,0,0,0,"['-', '-', '-', '-', '-']",0,0,0,0,0,0.0,250000
16,Deportivo Alavés,Luis Rioja,MD,13,97,0,0,119,3.2,"['2', '2', '2', '6', '4']",2,2,2,6,4,3.2,2430000
16,Deportivo Alavés,Mamadou Loum,MD,23,68,0,1,109,3.5,"['-', '5', '2', '4', '-']",0,5,2,4,0,2.2,1610000
16,Deportivo Alavés,Edgar Méndez,MD,11,46,0,0,90,2.8,"['2', '2', '0', '-', '2']",2,2,0,0,2,1.2,1020000
16,Deportivo Alavés,Gonzalo Escalante,MD,21,41,1,1,80,4.7,"['0', '10', '-', '8', '-1']",0,10,0,8,-1,3.4,3080000
16,Deportivo Alavés,Toni Moya,MD,13,46,0,1,80,3,"['2', '-', '3', '-', '-']",2,0,3,0,0,1.0,780000
16,Deportivo Alavés,Manu García Alonso,MD,21,24,0,0,77,3.3,"['1', '2', '-', '-', '2']",1,2,0,0,2,1.0,720000
16,Deportivo Alavés,Tomás Pina,MD,8,43,0,0,72,2.5,"['2', '2', '2', '2', '-']",2,2,2,2,0,1.6,690000
16,Deportivo Alavés,Pere Pons,MD,13,43,0,0,56,2.2,"['-', '4', '2', '-', '3']",0,4,2,0,3,1.8,600000
16,Deportivo Alavés,Jason,MD,10,27,1,1,50,2.8,"['2', '2', '-', '11', '0']",2,2,0,11,0,3.0,810000
16,Deportivo Alavés,Facundo Pellistri,MD,10,16,0,0,41,2,"['-', '-', '-', '-', '-']",0,0,0,0,0,0.0,430000
16,Deportivo Alavés,Tomás Mendes,MD,5,0,0,0,0,0,"['-', '-', '2', '-', '-']",0,0,2,0,0,0.4,200000
16,Deportivo Alavés,Joselu,DL,3,95,0,0,255,6.9,"['4', '9', '4', '10', '10']",4,9,4,10,10,7.4,13390000
16,Deportivo Alavés,Miguel de la Fuente,DL,6,24,0,0,56,2.7,"['2', '-', '-', '10', '1']",2,0,0,10,1,2.6,480000
16,Deportivo Alavés,Manu Vallejo,DL,1,5,0,0,50,2.6,"['-', '-', '2', '-', '1']",0,0,2,0,1,0.6,1060000
16,Deportivo Alavés,Guidetti,DL,2,5,0,0,27,2.7,"['-', '-', '-', '-', '-']",0,0,0,0,0,0.0,380000
16,Deportivo Alavés,Marc Tenas,DL,1,0,0,0,6,3,"['-', '-', '-', '-', '2']",0,0,0,0,2,0.4,160000
17,Cádiz CF,Jeremías Ledesma,PT,37,100,0,0,184,5,"['7', '6', '8', '2', '9']",7,6,8,2,9,6.4,3030000
17,Cádiz CF,David Gil,PT,36,0,2,2,0,0,"['-', '-', '-', '-', '-']",0,0,0,0,0,0.0,200000
17,Cádiz CF,Espino,DF,33,97,7,2,140,3.9,"['3', '2', '5', '-1', '3']",3,2,5,-1,3,2.4,3090000
17,Cádiz CF,Fali,DF,27,59,0,2,95,3.5,"['2', '5', '4', '-', '5']",2,5,4,0,5,3.2,960000
17,Cádiz CF,Akapo,DF,31,57,3,2,94,3.8,"['-', '4', '4', '4', '4']",0,4,4,4,4,3.2,1550000
17,Cádiz CF,Víctor Chust,DF,25,54,0,0,79,3.2,"['2', '-', '2', '1', '-']",2,0,2,1,0,1.0,1500000
17,Cádiz CF,Iza Carcelén,DF,30,43,6,2,67,2.8,"['1', '-', '2', '2', '0']",1,0,2,2,0,1.0,730000
17,Cádiz CF,Luis Hernández,DF,25,38,0,0,66,4.4,"['-', '2', '6', '4', '4']",0,2,6,4,4,3.2,1960000
17,Cádiz CF,Varazdat Haroyan,DF,32,43,4,1,64,3.8,"['-', '-', '-', '-', '-']",0,0,0,0,0,0.0,430000
17,Cádiz CF,Arzamendia,DF,22,14,2,1,36,2.6,"['2', '4', '-', '-', '-']",2,4,0,0,0,1.2,450000
17,Cádiz CF,Cala,DF,22,27,0,1,24,1.8,"['0', '-', '-', '-', '-']",0,0,0,0,0,0.0,420000
17,Cádiz CF,Raúl Parra,DF,24,3,0,0,3,1.5,"['0', '-', '-', '-', '-']",0,0,0,0,0,0.0,210000
17,Cádiz CF,Álex Fernández,MD,17,57,1,0,116,3.7,"['2', '5', '8', '6', '1']",2,5,8,6,1,4.4,2960000
17,Cádiz CF,Jens Jonsson,MD,22,46,0,1,85,3.9,"['-', '2', '-', '-', '-']",0,2,0,0,0,0.4,780000
17,Cádiz CF,Tomás Alarcón,MD,15,43,0,0,82,3.7,"['-', '3', '3', '-1', '-']",0,3,3,-1,0,1.0,1030000
17,Cádiz CF,Rubén Alcaraz,MD,20,30,2,2,77,5.9,"['-', '-', '-', '3', '6']",0,0,0,3,6,1.8,4340000
17,Cádiz CF,Iván Alejo,MD,13,30,2,0,71,3.6,"['11', '2', '0', '2', '-']",11,2,0,2,0,3.0,1120000
17,Cádiz CF,Salvi,MD,14,46,3,2,71,3.2,"['2', '2', '-', '-', '-']",2,2,0,0,0,0.8,840000
17,Cádiz CF,Alberto Perea,MD,13,22,0,0,49,2.7,"['2', '-', '-', '-', '-']",2,0,0,0,0,0.4,570000
17,Cádiz CF,Fede San Emeterio,MD,12,27,0,0,32,2.7,"['4', '2', '-', '-', '-']",4,2,0,0,0,1.2,700000
17,Cádiz CF,José Mari,MD,11,11,1,1,29,2.9,"['-', '5', '4', '2', '4']",0,5,4,2,4,3.0,600000
17,Cádiz CF,Álvaro Bastida,MD,18,5,0,1,14,2,"['-', '-', '-', '-', '-']",0,0,0,0,0,0.0,270000
17,Cádiz CF,Kike Carrasco,MD,14,0,1,0,0,0,"['-', '-', '-', '-', '-']",0,0,0,0,0,0.0,220000
17,Cádiz CF,Negredo,DL,9,62,0,0,169,5.1,"['14', '4', '12', '3', '2']",14,4,12,3,2,7.0,6400000
17,Cádiz CF,Lucas Pérez,DL,10,70,0,0,137,4.3,"['2', '10', '8', '4', '7']",2,10,8,4,7,6.2,7210000
17,Cádiz CF,Choco Lozano,DL,10,57,0,0,125,4.2,"['1', '-', '9', '4', '2']",1,0,9,4,2,3.2,2460000
17,Cádiz CF,Sobrino,DL,6,49,0,0,108,3.3,"['2', '4', '8', '2', '11']",2,4,8,2,11,5.4,1600000
17,Cádiz CF,Idrissi,DL,9,32,0,0,66,4.1,"['-', '-', '5', '0', '6']",0,0,5,0,6,2.2,2250000
17,Cádiz CF,Iván Chapela,DL,5,11,0,0,23,2.6,"['-', '-', '-', '-', '-']",0,0,0,0,0,0.0,300000
17,Cádiz CF,Florin Andone,DL,3,3,0,0,13,2.6,"['-', '-', '-', '-', '-']",0,0,0,0,0,0.0,390000
18,Elche CF,Édgar Badía,PT,33,65,2,5,111,4.6,"['10', '3', '1', '2', '-']",10,3,1,2,0,3.2,2360000
18,Elche CF,Kiko Casilla,PT,31,35,0,0,62,4.8,"['-', '-', '-', '-', '3']",0,0,0,0,3,0.6,390000
18,Elche CF,Johan Mojica,DF,32,86,5,5,140,4.2,"['5', '2', '-', '4', '-']",5,2,0,4,0,2.2,4750000
18,Elche CF,Enzo Roco,DF,29,76,1,0,109,3.8,"['-', '4', '-', '2', '3']",0,4,0,2,3,1.8,1720000
18,Elche CF,Helibelton Palacios,DF,24,59,0,0,95,3.7,"['-', '-', '6', '4', '-']",0,0,6,4,0,2.0,730000
18,Elche CF,Bigas,DF,26,49,0,0,80,4.4,"['-', '3', '2', '5', '-']",0,3,2,5,0,2.0,890000
18,Elche CF,Diego González,DF,24,51,7,3,70,2.5,"['4', '0', '-', '-', '5']",4,0,0,0,5,1.8,880000
18,Elche CF,Gonzalo Verdú,DF,30,43,0,4,64,3.4,"['4', '2', '-', '-', '-']",4,2,0,0,0,1.2,1030000
18,Elche CF,Barragán,DF,28,32,0,0,42,2.6,"['5', '-', '2', '-', '-']",5,0,2,0,0,1.4,330000
18,Elche CF,Lucas Olaza,DF,18,5,1,0,15,3.8,"['-', '-', '-', '-', '6']",0,0,0,0,6,1.2,800000
18,Elche CF,John Donald,DF,30,3,0,0,8,8,"['-', '-', '-', '-', '8']",0,0,0,0,8,1.6,240000
18,Elche CF,Fidel,MD,31,78,3,3,141,4.4,"['-', '5', '2', '2', '-']",0,5,2,2,0,1.8,3840000
18,Elche CF,Tete Morente,MD,31,46,8,3,112,3.6,"['2', '2', '1', '1', '2']",2,2,1,1,2,1.6,2260000
18,Elche CF,Gumbau,MD,19,51,0,0,105,3.5,"['2', '4', '5', '2', '2']",2,4,5,2,2,3.0,1390000
18,Elche CF,Omar Mascarell,MD,18,78,2,1,103,3.3,"['7', '7', '2', '5', '3']",7,7,2,5,3,4.8,1060000
18,Elche CF,Josan,MD,13,27,0,0,103,3.4,"['4', '6', '3', '5', '2']",4,6,3,5,2,4.0,1570000
18,Elche CF,Raúl Guti,MD,16,46,0,0,72,2.4,"['-', '2', '4', '2', '4']",0,2,4,2,4,2.4,940000
18,Elche CF,Iván Marcone,MD,30,27,2,2,54,2.7,"['3', '-', '2', '-', '4']",3,0,2,0,4,1.8,420000
18,Elche CF,Kike Pérez,MD,28,14,2,0,30,2.7,"['-', '-', '-', '4', '3']",0,0,0,4,3,1.4,380000
18,Elche CF,Piatti,MD,20,8,0,0,27,2.7,"['-', '2', '3', '4', '3']",0,2,3,4,3,2.4,370000
18,Elche CF,Pastore,MD,14,14,2,1,30,2.5,"['-', '-', '2', '-', '4']",0,0,2,0,4,1.2,640000
18,Elche CF,Pere Milla,DL,12,43,1,0,128,4.1,"['2', '9', '3', '1', '-']",2,9,3,1,0,3.0,3860000
18,Elche CF,Lucas Boyé,DL,11,59,0,0,123,5.1,"['8', '-', '-', '2', '-']",8,0,0,2,0,2.0,5190000
18,Elche CF,Guido Carrillo,DL,12,27,0,0,89,3.2,"['4', '3', '4', '2', '4']",4,3,4,2,4,3.4,1210000
18,Elche CF,Ezequiel Ponce,DL,10,14,0,0,22,1.8,"['-', '1', '-10', '-', '2']",0,1,-10,0,2,-1.4,1280000
19,RC Celta de Vigo,Matías Dituro,PT,37,100,0,0,178,4.8,"['5', '7', '6', '-1', '6']",5,7,6,-1,6,4.6,3940000
19,RC Celta de Vigo,Rubén Blanco,PT,36,0,0,3,0,0,"['-', '-', '-', '-', '-']",0,0,0,0,0,0.0,330000
19,RC Celta de Vigo,Javi Galán,DF,36,97,17,5,156,4.3,"['6', '2', '10', '2', '5']",6,2,10,2,5,5.0,4460000
19,RC Celta de Vigo,Aidoo,DF,36,78,4,5,112,3.6,"['8', '4', '4', '4', '5']",8,4,4,4,5,5.0,1940000
19,RC Celta de Vigo,Néstor Araujo,DF,37,76,4,5,104,3.2,"['4', '2', '5', '2', '4']",4,2,5,2,4,3.4,1330000
19,RC Celta de Vigo,Hugo Mallo,DF,37,57,1,0,87,4.1,"['13', '-', '-', '-', '-']",13,0,0,0,0,2.6,2130000
19,RC Celta de Vigo,Kevin Vázquez,DF,33,41,7,3,71,4.4,"['-', '4', '8', '1', '4']",0,4,8,1,4,3.4,1600000
19,RC Celta de Vigo,Jeison Murillo,DF,31,32,0,0,45,2.5,"['-', '-', '-', '-10', '-']",0,0,0,-10,0,-2.0,790000
19,RC Celta de Vigo,Carlos Domínguez,DF,33,8,0,0,24,3,"['-', '1', '-', '-', '3']",0,1,0,0,3,0.8,290000
19,RC Celta de Vigo,José Fontán,DF,21,8,1,1,15,1.9,"['-', '-', '-', '4', '-']",0,0,0,4,0,0.8,340000
19,RC Celta de Vigo,Denis Suárez,MD,33,86,4,3,191,5.2,"['3', '6', '12', '4', '14']",3,6,12,4,14,7.8,5900000
19,RC Celta de Vigo,Brais Méndez,MD,16,95,0,1,159,4.4,"['4', '2', '0', '4', '6']",4,2,0,4,6,3.2,5070000
19,RC Celta de Vigo,Fran Beltrán,MD,31,84,2,0,155,4.2,"['3', '1', '5', '1', '3']",3,1,5,1,3,2.6,3710000
19,RC Celta de Vigo,Franco Cervi,MD,29,57,0,0,146,4.4,"['7', '6', '12', '5', '-']",7,6,12,5,0,6.0,3880000
19,RC Celta de Vigo,Nolito,MD,18,38,0,0,87,2.8,"['4', '4', '5', '-', '-']",4,4,5,0,0,2.6,1600000
19,RC Celta de Vigo,Renato Tapia,MD,30,35,2,2,86,3,"['2', '2', '2', '3', '4']",2,2,2,3,4,2.6,1030000
19,RC Celta de Vigo,Augusto Solari,MD,25,8,0,0,46,1.8,"['1', '-', '5', '-', '3']",1,0,5,0,3,1.8,380000
19,RC Celta de Vigo,Orbelín Pineda,MD,8,0,0,0,2,2,"['-', '-', '4', '-', '-']",0,0,4,0,0,0.8,940000
19,RC Celta de Vigo,Gabriel Veiga,MD,8,0,0,0,11,1.8,"['-', '-2', '2', '3', '4']",0,-2,2,3,4,1.4,250000
19,RC Celta de Vigo,Hugo Álvarez,MD,8,0,0,0,0,0,"['-', '-', '-', '-', '-']",0,0,0,0,0,0.0,260000
19,RC Celta de Vigo,Holsgrove,MD,6,0,0,0,0,0,"['-', '-', '-', '-', '-']",0,0,0,0,0,0.0,250000
19,RC Celta de Vigo,Alfonso González,MD,6,0,0,0,0,0,"['-', '-', '-', '-', '-']",0,0,0,0,0,0.0,340000
19,RC Celta de Vigo,Iago Aspas,DL,1,95,0,0,283,7.9,"['7', '10', '19', '11', '9']",7,10,19,11,9,11.2,15290000
19,RC Celta de Vigo,Santi Mina,DL,1,81,0,0,161,4.9,"['10', '6', '-', '-', '-']",10,6,0,0,0,3.2,6120000
19,RC Celta de Vigo,Thiago Galhardo,DL,1,22,0,0,100,3.3,"['4', '2', '10', '10', '2']",4,2,10,10,2,5.6,2590000
19,RC Celta de Vigo,Íker Losada,DL,0,0,0,0,0,0,"['-', '-', '-', '-', '-']",0,0,0,0,0,0.0,310000
19,RC Celta de Vigo,Miguel Rodríguez,DL,0,0,0,0,0,0,"['-', '-', '-', '-', '-']",0,0,0,0,0,0.0,210000
19,RC Celta de Vigo,Lautaro de León,DL,0,0,0,0,0,0,"['-', '-', '-', '-', '-']",0,0,0,0,0,0.0,290000
20,Sevilla FC,Bono,PT,33,84,3,0,166,5.4,"['-', '2', '8', '8', '2']",0,2,8,8,2,4.0,4600000
20,Sevilla FC,Dmitrovic,PT,31,14,0,2,28,5.6,"['-', '-', '-', '-', '-']",0,0,0,0,0,0.0,980000
20,Sevilla FC,Javi Díaz,PT,31,3,2,1,2,2,"['2', '-', '-', '-', '-']",2,0,0,0,0,0.4,200000
20,Sevilla FC,Diego Carlos,DF,35,89,0,1,184,5.6,"['8', '4', '3', '7', '7']",8,4,3,7,7,5.8,7980000
20,Sevilla FC,Kounde,DF,34,81,4,6,168,5.4,"['-', '9', '13', '6', '6']",0,9,13,6,6,6.8,7640000
20,Sevilla FC,Marcos Acuña,DF,30,68,1,3,158,5.3,"['2', '4', '-1', '8', '8']",2,4,-1,8,8,4.2,5130000
20,Sevilla FC,Jesús Navas,DF,29,49,6,4,108,4.5,"['-', '4', '1', '2', '5']",0,4,1,2,5,2.4,5820000
20,Sevilla FC,Gonzalo Montiel,DF,24,41,1,1,65,3.6,"['2', '-', '2', '-', '0']",2,0,2,0,0,0.8,1510000
20,Sevilla FC,Augustinsson,DF,28,24,5,1,60,3.2,"['-', '-', '-', '-', '-']",0,0,0,0,0,0.0,740000
20,Sevilla FC,Rekik,DF,33,30,9,0,56,3.3,"['4', '-', '-', '-', '2']",4,0,0,0,2,1.2,790000
20,Sevilla FC,José Ángel Carmona,DF,24,0,0,3,3,3,"['-', '-', '-', '-', '-']",0,0,0,0,0,0.0,250000
20,Sevilla FC,Rakitic,MD,18,70,1,2,194,5.7,"['9', '7', '4', '3', '5']",9,7,4,3,5,5.6,8290000
20,Sevilla FC,Joan Jordan,MD,25,81,2,1,141,4,"['4', '2', '5', '3', '-']",4,2,5,3,0,2.8,4900000
20,Sevilla FC,Papu Gómez,MD,22,51,5,1,135,4.8,"['4', '2', '5', '10', '3']",4,2,5,10,3,4.8,6490000
20,Sevilla FC,Delaney,MD,17,38,2,4,107,4.3,"['-', '2', '3', '5', '5']",0,2,3,5,5,3.0,3000000
20,Sevilla FC,Fernando Reges,MD,17,57,0,2,104,4.3,"['5', '-', '-', '-', '-']",5,0,0,0,0,1.0,2980000
20,Sevilla FC,Óliver Torres,MD,25,27,2,3,90,3.6,"['6', '4', '1', '-', '8']",6,4,1,0,8,3.8,1220000
20,Sevilla FC,Gudelj,MD,21,24,0,0,80,3.8,"['-', '-', '4', '6', '4']",0,0,4,6,4,2.8,850000
20,Sevilla FC,Pedro Ortiz,MD,19,0,5,1,5,5,"['-', '-', '-', '-', '-']",0,0,0,0,0,0.0,250000
20,Sevilla FC,Luismi Cruz,MD,19,0,0,1,3,3,"['-', '-', '-', '-', '-']",0,0,0,0,0,0.0,300000
20,Sevilla FC,Juanlu Sánchez,MD,9,0,0,1,2,2,"['-', '-', '-', '-', '-']",0,0,0,0,0,0.0,300000
20,Sevilla FC,Rafa Mir,DL,8,49,0,1,130,3.9,"['2', '-', '0', '2', '2']",2,0,0,2,2,1.2,6490000
20,Sevilla FC,Ocampos,DL,5,62,0,0,129,4.4,"['6', '4', '-', '4', '2']",6,4,0,4,2,3.2,9900000
20,Sevilla FC,Erik Lamela,DL,16,24,2,0,97,5.1,"['-', '5', '2', '2', '-']",0,5,2,2,0,1.8,5940000
20,Sevilla FC,En-Nesyri,DL,11,38,0,0,92,4.2,"['-', '8', '5', '6', '11']",0,8,5,6,11,6.0,5920000
20,Sevilla FC,Jesús Corona,DL,5,30,0,0,72,4.2,"['-2', '2', '3', '4', '1']",-2,2,3,4,1,1.6,8910000
20,Sevilla FC,Munir El Haddadi,DL,5,11,0,0,54,3.4,"['-', '-', '-', '-', '-']",0,0,0,0,0,0.0,790000
20,Sevilla FC,Suso,DL,1,16,0,0,27,3.4,"['-', '-', '-', '-', '-']",0,0,0,0,0,0.0,830000
20,Sevilla FC,Martial,DL,1,19,0,0,19,2.1,"['-', '-', '-', '1', '-']",0,0,0,1,0,0.2,6120000
20,Sevilla FC,Iván Romero,DL,2,5,0,0,7,1.8,"['-', '2', '-', '-', '-']",0,2,0,0,0,0.4,270000
